name,start,lengths_km,longest_km,lat,lon,url,gpx
Aalderpad,Kerkwijk,"9, 12, 14",14.0,51.775385086735334,5.2206382155418405,https://www.klompenpaden.nl/klompenpaden/Aalderpad/0cf26088-5c63-44f6-82e2-41518271f89e,gpx/Aalderpad.gpx
Achterwooldsepad,Winterswijk-Woold,"8, 10, 18",18.0,51.921508489858226,6.719663143157958,https://www.klompenpaden.nl/klompenpaden/Achterwooldsepad/70c53acc-6028-43d3-9119-fe7818f742ce,gpx/Achterwooldsepad.gpx
Aderwinkelpad,Driebergen-Rijsenburg,10,10.0,52.05544939394367,5.276854634284973,https://www.klompenpaden.nl/klompenpaden/Aderwinkelpad/17ff0668-0cb7-4073-a1d0-cada1a14adf9,gpx/Aderwinkelpad.gpx
Albapad,Oosterhuizen,"8, 11",11.0,52.157565128895214,6.005825400352478,https://www.klompenpaden.nl/klompenpaden/Albapad/70dc767c-3c3f-4626-adc9-4c7437486759,gpx/Albapad.gpx
Alemschepad,Alem,8,8.0,51.78916434841863,5.33910870552063,https://www.klompenpaden.nl/klompenpaden/Alemschepad/734fb758-09d9-4523-87bd-dd9291a0572c,gpx/Alemschepad.gpx
Ambts- en Rijkspad,Winssen,"6, 13, 15",15.0,51.883037863606525,5.7063353061676025,https://www.klompenpaden.nl/klompenpaden/Ambts--en-Rijkspad/7f08888e-b035-4a27-bd90-92d4b30a4080,gpx/Ambts-_en_Rijkspad.gpx
Appelpad,Appel,8,8.0,52.18889126800563,5.540800094604492,https://www.klompenpaden.nl/klompenpaden/Appelpad/dbafd45f-1e24-48ac-bf02-8655a1f95103,gpx/Appelpad.gpx
Assenradepad,Hattem,11,11.0,52.46565817950717,6.054936647415161,https://www.klompenpaden.nl/klompenpaden/Assenradepad/55b98d0c-9b37-4581-ae99-02a97f0384ce,gpx/Assenradepad.gpx
Assenradepad KIDS,Hattem,3,3.0,52.46567942280905,6.054762303829194,https://www.klompenpaden.nl/klompenpaden/Assenradepad-KIDS/8278b0f2-f781-49a6-bedb-516ebcbfe4c0,
Avervoorderpad,De Vecht,13,13.0,52.258281476042576,6.034197807312012,https://www.klompenpaden.nl/klompenpaden/Avervoorderpad/b44dc90e-2d28-4a84-8656-72cf505803ca,gpx/Avervoorderpad.gpx
Baanbrekerpad,Ammerzoden en Well,"6, 11",11.0,51.7430209010087,5.20359053630866,https://www.klompenpaden.nl/klompenpaden/Baanbrekerpad/8abc75b8-29df-46ac-97c8-f253047bc9ed,gpx/Baanbrekerpad.gpx
Babborgapad,Babberich,"6, 11",11.0,51.905113764490764,6.117611825466157,https://www.klompenpaden.nl/klompenpaden/Babborgapad/a4491a9a-32de-4f99-a924-ff4d17c3b6e2,gpx/Babborgapad.gpx
Batouwepad,Lienden,"10, 12, 16",16.0,51.94681102430293,5.518838167190551,https://www.klompenpaden.nl/klompenpaden/Batouwepad/6c30eaeb-f84c-4393-8279-496beff931bc,gpx/Batouwepad.gpx
Beek- en Bultpad,Wekerom,12,12.0,52.111651374479734,5.715942978858948,https://www.klompenpaden.nl/klompenpaden/Beek--en-Bultpad/a55d820d-0066-440a-b02f-f1c53b4e8ea2,gpx/Beek-_en_Bultpad.gpx
Beekweidenpad,Voorst,"9, 10, 16",16.0,52.17029629532744,6.147408485412598,https://www.klompenpaden.nl/klompenpaden/Beekweidenpad/42cd2914-6791-4bad-bf23-03c50618fe8a,gpx/Beekweidenpad.gpx
Bekbergerpad,Beekbergen,"9, 13",13.0,52.1674107957458,5.975714921951294,https://www.klompenpaden.nl/klompenpaden/Bekbergerpad/7194a8eb-6194-411c-bde7-8972c9d224de,gpx/Bekbergerpad.gpx
Benedeneindsepad,Benschop,7.8,7.8,52.000190546922646,4.918473958969116,https://www.klompenpaden.nl/klompenpaden/Benedeneindsepad/4aff5e62-8b98-412d-b6c4-fd4d5467e423,gpx/Benedeneindsepad.gpx
Benedeneindsepad KIDS,Benschop,4.3,4.3,52.00021366547689,4.918516874313354,https://www.klompenpaden.nl/klompenpaden/Benedeneindsepad-KIDS/39382c8c-88f4-49e8-96cb-6482e3f3b89c,
Beukenburgerpad,Groenekan,13,13.0,52.1244253116045,5.147910118103027,https://www.klompenpaden.nl/klompenpaden/Beukenburgerpad/76f32ffc-f4a1-4f31-80c8-aa16dc18bc8e,gpx/Beukenburgerpad.gpx
Bevermeersepad,Angerlo,10,10.0,51.99657069457271,6.134389042854308,https://www.klompenpaden.nl/klompenpaden/Bevermeersepad/7c2a92a7-f245-497f-8baa-36bed958ec72,gpx/Bevermeersepad.gpx
Boereneschpad,Gelselaar,"4, 9, 12, 13, 17, 18, 22",22.0,52.17533971231739,6.5172529220581055,https://www.klompenpaden.nl/klompenpaden/Boereneschpad/490a7cea-1aad-4010-82be-5c58ec4b2013,gpx/Boereneschpad.gpx
Braakhekke Bultenpad,Harfsen,"5, 11",11.0,52.206755256153556,6.297727525234222,https://www.klompenpaden.nl/klompenpaden/Braakhekke-Bultenpad/314c3ed3-2d4f-470f-90f2-38f3e12359d8,gpx/Braakhekke_Bultenpad.gpx
Breedlersepad,Elst,12,12.0,51.90899086569956,5.88642418384552,https://www.klompenpaden.nl/klompenpaden/Breedlersepad/0a4aea8f-e381-4473-b24f-dadcb1b23b0c,gpx/Breedlersepad.gpx
Breeschoterpad,Renswoude,6,6.0,52.07635085806512,5.524041652679443,https://www.klompenpaden.nl/klompenpaden/Breeschoterpad/8f23f903-9630-4cf1-8803-4ef9a8f79131,gpx/Breeschoterpad.gpx
Breukerengpad,Bennekom,"3, 6",6.0,52.01441941002028,5.675854682922363,https://www.klompenpaden.nl/klompenpaden/Breukerengpad/80e1e14c-da1a-4009-8137-1d652957b0d3,gpx/Breukerengpad.gpx
Broekerpad,Scherpenzeel,7,7.0,52.08447070316309,5.489982962608337,https://www.klompenpaden.nl/klompenpaden/Broekerpad/18ea2796-9532-4d14-8359-b87636b22da3,gpx/Broekerpad.gpx
Bruilschepad,De Bruil,"8, 11",11.0,52.06629048766669,6.4551758766174325,https://www.klompenpaden.nl/klompenpaden/Bruilschepad/6ff77306-a8f9-477a-ac3a-80741f695166,gpx/Bruilschepad.gpx
Burensepad,Buren,7,7.0,51.91181039378652,5.331262777122335,https://www.klompenpaden.nl/klompenpaden/Burensepad/3704587c-7e79-4627-9b5c-7ca4f6156007,gpx/Burensepad.gpx
Cotlandenpad,Amerongen,"8, 10, 11.5",11.5,51.99827496809084,5.47394335269928,https://www.klompenpaden.nl/klompenpaden/Cotlandenpad/4bee35d5-9d72-4735-aa83-f5309d6d9f49,gpx/Cotlandenpad.gpx
Crobschepad,Haaften,"6, 12",12.0,51.81666051114466,5.20354986190796,https://www.klompenpaden.nl/klompenpaden/Crobschepad/ae0826e3-04fd-4c9f-b6d0-8171cf673413,gpx/Crobschepad.gpx
Daatselaarsepad,Renswoude,11,11.0,52.0763475610355,5.523998737335205,https://www.klompenpaden.nl/klompenpaden/Daatselaarsepad/457c09e2-e27d-44ba-9e84-b86616d8ee5b,gpx/Daatselaarsepad.gpx
Dashorsterpad,Woudenberg,13,13.0,52.08060712023812,5.450393557548523,https://www.klompenpaden.nl/klompenpaden/Dashorsterpad/e90e1946-898d-4edd-b964-5563f337927c,gpx/Dashorsterpad.gpx
Doddendaelpad,Beuningen,"12, 15",15.0,51.86426887786404,5.772918462753296,https://www.klompenpaden.nl/klompenpaden/Doddendaelpad/2a0cf5a2-cf9e-45dd-b073-f706166e8cab,gpx/Doddendaelpad.gpx
Doesburgermolenpad,Ede,"5, 9",9.0,52.05348206665444,5.65644029372024,https://www.klompenpaden.nl/klompenpaden/Doesburgermolenpad/60964327-e925-421e-8796-41f75be6dfd6,gpx/Doesburgermolenpad.gpx
Doesburgermolenpad KIDS,Ede,4,4.0,52.06267107581793,5.647959709167481,https://www.klompenpaden.nl/klompenpaden/Doesburgermolenpad-KIDS/16f17312-b370-4811-a3ca-5b7424e39526,
Dorenweertsepad,Doorwerth,"8, 13",13.0,51.96630904233955,5.787681341171265,https://www.klompenpaden.nl/klompenpaden/Dorenweertsepad/6024e172-9138-409b-8f10-598cf8465d0d,gpx/Dorenweertsepad.gpx
Eekterpad,Oosterwolde,8,8.0,52.465285601595255,5.89647173890068,https://www.klompenpaden.nl/klompenpaden/Eekterpad/0b4b8836-a7b1-4036-aa67-6d1eb2542828,gpx/Eekterpad.gpx
Eendenkooienpad,IJsselstein,17,17.0,52.045984785697605,5.019609332084656,https://www.klompenpaden.nl/klompenpaden/Eendenkooienpad/187b1b1b-675a-4ced-9e5d-c1d00988ccc6,gpx/Eendenkooienpad.gpx
Eertbeeckse Beekpad,Eerbeek,"10, 16",16.0,52.107226746552605,6.073020100593567,https://www.klompenpaden.nl/klompenpaden/Eertbeeckse-Beekpad/f48edf04-5c47-4189-819c-6d36f6371f84,gpx/Eertbeeckse_Beekpad.gpx
Eeskooterpad,Otterlo,"12, 15, 17",17.0,52.10123319597759,5.771470069885253,https://www.klompenpaden.nl/klompenpaden/Eeskooterpad/b117aa48-15d6-46d4-86b0-558c15277d56,gpx/Eeskooterpad.gpx
Eldensche Veldpad,Elden,"11, 15",15.0,51.95838920178848,5.883033871650697,https://www.klompenpaden.nl/klompenpaden/Eldensche-Veldpad/47a7849c-9e1b-46b8-bfa3-f5691337d5d2,gpx/Eldensche_Veldpad.gpx
Elsvoorderpad,Veessen,11,11.0,52.37544845959022,6.092959688002608,https://www.klompenpaden.nl/klompenpaden/Elsvoorderpad/5969b9a6-8af9-496c-8123-ee00c1b5e15d,gpx/Elsvoorderpad.gpx
Engelenburgerpad,Herwijnen,"6, 11",11.0,51.82494687086676,5.1302772760391235,https://www.klompenpaden.nl/klompenpaden/Engelenburgerpad/cc984b68-841c-40ea-8d6d-9d79800b9a1c,gpx/Engelenburgerpad.gpx
Engelroderpad,Beusichem,"10, 19",19.0,51.948107188193774,5.292835235595703,https://www.klompenpaden.nl/klompenpaden/Engelroderpad/8cbc4362-0f2d-4eb6-82ee-5b009947bf18,gpx/Engelroderpad.gpx
Eper Enkenpad,Epe,"11, 12, 14",14.0,52.334806473080604,5.994249802959056,https://www.klompenpaden.nl/klompenpaden/Eper-Enkenpad/27c2e7ac-4500-4f5b-9db3-4535d56eb806,gpx/Eper_Enkenpad.gpx
Errekomsepad,Erichem,"9, 14, 18",18.0,51.900091072238446,5.349032878875732,https://www.klompenpaden.nl/klompenpaden/Errekomsepad/f598de11-dabb-4d17-9f1a-e0d5306183fe,gpx/Errekomsepad.gpx
Fliertpad,Twello,"11, 16",16.0,52.24747390985773,6.124008893966674,https://www.klompenpaden.nl/klompenpaden/Fliertpad/e89287fc-e1cc-4609-a612-4a1155ef8d71,gpx/Fliertpad.gpx
Ganderpad,Gaanderen,"9, 13, 14",14.0,51.944734438767284,6.340586543083191,https://www.klompenpaden.nl/klompenpaden/Ganderpad/65837b44-08b0-4bef-9595-3fa1d49fcb42,gpx/Ganderpad.gpx
Gerrit Achterbergpad,Wijk bij Duurstede,"10, 11",11.0,51.97061706516821,5.34859299659729,https://www.klompenpaden.nl/klompenpaden/Gerrit-Achterbergpad/46c98db0-9bae-4e98-ad5b-b455308b506f,gpx/Gerrit_Achterbergpad.gpx
Giesepad,Giesbeek,"8, 10",10.0,51.99779604779103,6.077885614120403,https://www.klompenpaden.nl/klompenpaden/Giesepad/2f515044-08f2-497e-a2c1-721273c3329c,gpx/Giesepad.gpx
Giesepad KIDS,Giesbeek,3,3.0,51.99575156328554,6.0704290866851816,https://www.klompenpaden.nl/klompenpaden/Giesepad-KIDS/7e77170e-6323-456f-b77b-074bf2dbe15d,
Glindhorsterpad,De Glind,"7, 10",10.0,52.12389835204472,5.526498556137085,https://www.klompenpaden.nl/klompenpaden/Glindhorsterpad/db5700e5-f4c5-4631-8d37-5148160b1b1a,gpx/Glindhorsterpad.gpx
Goilberdingerpad,Culemborg,"11, 15, 18",18.0,51.958812333826295,5.192456245422363,https://www.klompenpaden.nl/klompenpaden/Goilberdingerpad/8f44ece4-78d4-4d6e-a19a-3fb4bde6893d,gpx/Goilberdingerpad.gpx
Gooijschepad,Keijenborg,"8, 15, 16",16.0,52.03131134082833,6.293977797031403,https://www.klompenpaden.nl/klompenpaden/Gooijschepad/2bc96649-092b-4a19-ab32-6395ddccf64e,gpx/Gooijschepad.gpx
Graveslootpad,Kamerik,8,8.0,52.10530586670738,4.885836839675904,https://www.klompenpaden.nl/klompenpaden/Graveslootpad/04611bde-aab0-43e5-ae94-b69ed39a7a87,gpx/Graveslootpad.gpx
Greffelkampsepad,Greffelkamp,"8, 11",11.0,51.94142216511713,6.1186706943377525,https://www.klompenpaden.nl/klompenpaden/Greffelkampsepad/918ae391-88c7-4ecd-9f1d-879a7cc84ce1,gpx/Greffelkampsepad.gpx
Griezeveensepad,Voorthuizen,14,14.0,52.191045321795315,5.62949538230896,https://www.klompenpaden.nl/klompenpaden/Griezeveensepad/a8296729-658e-4d86-84cb-5f2bcf334a1a,gpx/Griezeveensepad.gpx
Grift en Graftenpad,Achterberg,"10, 12",12.0,51.97383093388098,5.58131217956543,https://www.klompenpaden.nl/klompenpaden/Grift-en-Graftenpad/251b4966-4657-476a-9fa0-ecdeae01d0d7,gpx/Grift_en_Graftenpad.gpx
Haarlose Veldpad,Haarlo,"3.3, 5.7, 7.5",7.5,52.11259192196513,6.581011712551118,https://www.klompenpaden.nl/klompenpaden/Haarlose-Veldpad/9f7c5ca5-cd2f-4e36-8ac0-783be22dfd24,gpx/Haarlose_Veldpad.gpx
Hallsekerkepad,Hall,"9, 15",15.0,52.110855808961325,6.103977747511209,https://www.klompenpaden.nl/klompenpaden/Hallsekerkepad/ce2ad5b8-40b8-4e5a-96b6-bd824be6daba,gpx/Hallsekerkepad.gpx
Halostapad,Aalst,9,9.0,51.78216406788229,5.1223862171173105,https://www.klompenpaden.nl/klompenpaden/Halostapad/b4f1dcba-75f0-4f6e-bed5-f9a8ab4a8ebe,gpx/Halostapad.gpx
Hamarithapad,Nederhemert-Noord,"10, 16",16.0,51.76269063522912,5.1746731996536255,https://www.klompenpaden.nl/klompenpaden/Hamarithapad/89577701-1150-4f1f-a364-8f1c999a9da4,gpx/Hamarithapad.gpx
Harscamperpad,Harskamp,12,12.0,52.12218569044184,5.758788585662841,https://www.klompenpaden.nl/klompenpaden/Harscamperpad/0dba3312-362d-4c1d-8136-062ba70ea409,gpx/Harscamperpad.gpx
Harsloërpad,Bennekom,"4, 11, 13",13.0,51.99041693448843,5.656049251556397,https://www.klompenpaden.nl/klompenpaden/Harslo%C3%ABrpad/881d881e-7346-4d33-96c1-ffca4ebef03b,gpx/Harsloërpad.gpx
Hartensepad,Renkum,"6, 9, 14",14.0,51.98656459721306,5.730463767799064,https://www.klompenpaden.nl/klompenpaden/Hartensepad/870286f7-2dff-4e1b-8b5e-7ab2b64c230b,gpx/Hartensepad.gpx
Heriwardapad,"Parkeerplaats bij MFC de Steen, Bukestraat 1, 6624 AN, Heerewaarden. ","14, 17",17.0,51.8170131521984,5.387642771927161,https://www.klompenpaden.nl/klompenpaden/Heriwardapad/c54d4d41-a02b-4af7-bfd5-5af2ff3c275c,gpx/Heriwardapad.gpx
Heuzesepad,Opheusden,"10, 11, 14",14.0,51.940746331336875,5.601943731307983,https://www.klompenpaden.nl/klompenpaden/Heuzesepad/0037a2c6-163c-49f7-b843-1335920ec088,gpx/Heuzesepad.gpx
Heuzesepad KIDS,Opheusden,3,3.0,51.935878111070174,5.597201585769654,https://www.klompenpaden.nl/klompenpaden/Heuzesepad-KIDS/6b13696c-00e8-4513-afa3-7231a5704ee8,
Heyrderpad,Hierden,"8, 11",11.0,52.35976882852203,5.69668471813202,https://www.klompenpaden.nl/klompenpaden/Heyrderpad/fa07dfe7-a7a7-4cdb-a3ca-c38d07852ec6,gpx/Heyrderpad.gpx
Hiensepad,Dodewaard,"8, 12, 14",14.0,51.90994064654035,5.656832456588745,https://www.klompenpaden.nl/klompenpaden/Hiensepad/2cee04d8-a4be-46b7-92ad-25a41aad2104,gpx/Hiensepad.gpx
Hoenwaardsepad,Hattem,"10, 11, 13",13.0,52.473272429381325,6.0734546184539795,https://www.klompenpaden.nl/klompenpaden/Hoenwaardsepad/e00517ee-fab4-46c7-b6e4-bdaafcad3586,gpx/Hoenwaardsepad.gpx
Hoeverveldpad,Putten,"5, 11, 15, 20",20.0,52.26546535908787,5.576269626617432,https://www.klompenpaden.nl/klompenpaden/Hoeverveldpad/38ec6f6f-840f-497b-b762-b68f7c327839,gpx/Hoeverveldpad.gpx
Holhorsterpad,Beemte Broekland,"6, 8, 11",11.0,52.25559542928872,5.989694595336914,https://www.klompenpaden.nl/klompenpaden/Holhorsterpad/e62215f6-9ce1-41f5-a897-cc96ea1759e0,gpx/Holhorsterpad.gpx
Holthuyserpad,Arnhem ,12,12.0,51.94693006132442,5.90017855167389,https://www.klompenpaden.nl/klompenpaden/Holthuyserpad/6d42c688-0c3a-459f-b98f-a803919688b9,gpx/Holthuyserpad.gpx
Horsthoekerpad,Heerde,"15, 17",17.0,52.38999976558271,5.9966254234313965,https://www.klompenpaden.nl/klompenpaden/Horsthoekerpad/570de610-4245-454f-ad01-db3bca3228a3,gpx/Horsthoekerpad.gpx
Houtdijkenpad,Kamerik,12,12.0,52.10535199515185,4.884527921676636,https://www.klompenpaden.nl/klompenpaden/Houtdijkenpad/8d95eaa8-a7a4-4d00-a529-5b44b36dfca9,gpx/Houtdijkenpad.gpx
Huinerpad,Huinen,"10, 15",15.0,52.23042800719171,5.619335174560548,https://www.klompenpaden.nl/klompenpaden/Huinerpad/c463afe3-ebf9-427e-a63e-83ee52a379ba,gpx/Huinerpad.gpx
Husloapad,Groessen,"3, 7, 16, 19",19.0,51.91802786191891,6.002140045166016,https://www.klompenpaden.nl/klompenpaden/Husloapad/35582929-6281-479a-a287-87857a3f1a2f,gpx/Husloapad.gpx
Jordenpad,Poederoijen,"13, 16",16.0,51.79210749634026,5.062251091003418,https://www.klompenpaden.nl/klompenpaden/Jordenpad/98197919-a003-41fe-adcf-ecc703a63742,gpx/Jordenpad.gpx
Jufferpad,Renswoude,"14, 16",16.0,52.04915197434068,5.556743144989014,https://www.klompenpaden.nl/klompenpaden/Jufferpad/6f22d22c-ca30-4bc1-a9d1-4be7b0708507,gpx/Jufferpad.gpx
Kandiapad,Groessen,"8, 10, 15",15.0,51.918120505701935,6.002161502838135,https://www.klompenpaden.nl/klompenpaden/Kandiapad/abcb6dd5-fe97-43fd-99a0-c2644e9dc60b,gpx/Kandiapad.gpx
Kandiapad KIDS,Groessen,3.5,3.5,51.919549842697705,6.005015373229981,https://www.klompenpaden.nl/klompenpaden/Kandiapad-KIDS/c1986166-7dfb-444c-b6c5-29a8d9703a62,
Kelrepad,Kilder,"11, 13, 16",16.0,51.93592110717536,6.2282341718673715,https://www.klompenpaden.nl/klompenpaden/Kelrepad/e15879c7-7d19-40f9-9fe4-b2c706314dcc,gpx/Kelrepad.gpx
Klarenbeeksepad,Klarenbeek,"10, 12",12.0,52.169161200944345,6.067054867744446,https://www.klompenpaden.nl/klompenpaden/Klarenbeeksepad/e8f27829-5dc5-45dc-9621-fa2aa1b8f2e3,gpx/Klarenbeeksepad.gpx
Klompenmakerspad,Oene,"5, 8, 10, 14",14.0,52.34368045958613,6.047260165214539,https://www.klompenpaden.nl/klompenpaden/Klompenmakerspad/4cd3f513-0a88-4b67-9a36-19f2ba7d84bd,gpx/Klompenmakerspad.gpx
Kopermolenpad,Wenum Wiesel,"5, 10, 13",13.0,52.25772983179246,5.964353084564209,https://www.klompenpaden.nl/klompenpaden/Kopermolenpad/637a8f88-9245-43d3-a739-564feb7d50a3,gpx/Kopermolenpad.gpx
Kreelsepad,Ede,"7, 8, 14",14.0,52.04272498632955,5.730142593383789,https://www.klompenpaden.nl/klompenpaden/Kreelsepad/3832dd9d-1136-4ca5-9e54-c68e6e10b015,gpx/Kreelsepad.gpx
Kruishaarderpad,Nijkerk,"12, 15",15.0,52.22322530419261,5.494859218597412,https://www.klompenpaden.nl/klompenpaden/Kruishaarderpad/640bcd26-d5b8-4938-91b7-9ab76c8a3380,gpx/Kruishaarderpad.gpx
Kuilenburgerpad,Culemborg,8,8.0,51.96056432241719,5.233118534088135,https://www.klompenpaden.nl/klompenpaden/Kuilenburgerpad/3458d2bc-ea4f-454a-b43c-47df0ee200f7,gpx/Kuilenburgerpad.gpx
Laaksepad,Hoevelaken,10,10.0,52.176349642959615,5.455473661422729,https://www.klompenpaden.nl/klompenpaden/Laaksepad/8fcca24d-4b91-4e81-8805-71fb3ad920ca,gpx/Laaksepad.gpx
Laaksepad KIDS,Hoevelaken,3,3.0,52.1759491276065,5.446395725011826,https://www.klompenpaden.nl/klompenpaden/Laaksepad-KIDS/df84a4ab-ab3a-44ee-9448-e3665416100e,
Laorns Enkenpad,Laren,"15, 22",22.0,52.19376487117531,6.364436745643616,https://www.klompenpaden.nl/klompenpaden/Laorns-Enkenpad/4186135a-fd16-40d6-bfcb-19d485349cc5,gpx/Laorns_Enkenpad.gpx
Lauwsepad,Beneden-Leeuwen,"9, 14",14.0,51.88215195312303,5.514865033561994,https://www.klompenpaden.nl/klompenpaden/Lauwsepad/6cea9d8e-814c-4e4a-8e7b-199895fc8a2a,gpx/Lauwsepad.gpx
Leestensche Broekpad,Zutphen,"6, 11, 21",21.0,52.1213523908992,6.243061423301697,https://www.klompenpaden.nl/klompenpaden/Leestensche-Broekpad/88ee217b-7ba9-408b-bf7f-b2b4e50d6adb,gpx/Leestensche_Broekpad.gpx
Leidschehoevenpad,Tricht,"3, 9, 12",12.0,51.91597641488371,5.249823331832887,https://www.klompenpaden.nl/klompenpaden/Leidschehoevenpad/f45141a7-e3d5-4659-94b8-bd715eafb7d2,gpx/Leidschehoevenpad.gpx
Leuvenschepad,Leuvenheim,"9, 14",14.0,52.074745175819665,6.143202781677246,https://www.klompenpaden.nl/klompenpaden/Leuvenschepad/65477b1e-6ba9-42aa-acb7-2fc968c2596f,gpx/Leuvenschepad.gpx
Lint en Liniepad,Schalkwijk,10,10.0,51.99215117146803,5.19254207611084,https://www.klompenpaden.nl/klompenpaden/Lint-en-Liniepad/124f1a46-5927-4ff0-aa3b-481bb809b119,gpx/Lint_en_Liniepad.gpx
Loenense Enkenpad,Loenen,"6, 9, 11",11.0,52.1250313073951,6.021151542663574,https://www.klompenpaden.nl/klompenpaden/Loenense-Enkenpad/131296d8-7377-4c26-9bfd-b914b838d1d3,gpx/Loenense_Enkenpad.gpx
Loobrinkerpad,Emst,"7, 10",10.0,52.31754331779276,5.974112426483603,https://www.klompenpaden.nl/klompenpaden/Loobrinkerpad/fdc409e2-e8f9-4b6b-a704-de2fc82084c0,gpx/Loobrinkerpad.gpx
Markluiderpad,Veessen,10,10.0,52.36520019758977,6.069211363792419,https://www.klompenpaden.nl/klompenpaden/Markluiderpad/041b76de-7d00-4567-a6ff-efcdbecef2dd,gpx/Markluiderpad.gpx
Marspad,Kesteren,"11, 13",13.0,51.93599717710667,5.573093891143799,https://www.klompenpaden.nl/klompenpaden/Marspad/9d55931d-08fc-4130-a633-111b86228298,gpx/Marspad.gpx
Mauderick en Wielepad,Maurik,"11, 14",14.0,51.95864700913325,5.4363441467285165,https://www.klompenpaden.nl/klompenpaden/Mauderick-en-Wielepad/fecf8b7a-2250-4e10-be58-d9c536e38d72,gpx/Mauderick_en_Wielepad.gpx
Merckenburgsepad,Asperen,"8, 11, 16",16.0,51.88432428057492,5.1043108105659485,https://www.klompenpaden.nl/klompenpaden/Merckenburgsepad/4558b667-fb17-4022-bc2e-7acfd82ab101,gpx/Merckenburgsepad.gpx
Meulunterenpad,Lunteren,"7, 12",12.0,52.09256600036364,5.618176460266113,https://www.klompenpaden.nl/klompenpaden/Meulunterenpad/4b029393-71d6-41f2-9e29-8cf15d3e1dcd,gpx/Meulunterenpad.gpx
Moas-Wetteringpad,Alphen aan de Maas,"5, 9, 12",12.0,51.822121920649664,5.4723018407821655,https://www.klompenpaden.nl/klompenpaden/Moas-Wetteringpad/88fb1a04-5fe4-4535-a25a-1b971e465b57,gpx/Moas-Wetteringpad.gpx
Molenbeeksepad,Wolfheze,"9, 17",17.0,52.005372107143614,5.79153299331665,https://www.klompenpaden.nl/klompenpaden/Molenbeeksepad/b5352b3c-7dd0-4aee-9c50-a3c8cc3e1e90,gpx/Molenbeeksepad.gpx
Molenkadepad,Start,9,9.0,51.96076141658677,4.976463317871095,https://www.klompenpaden.nl/klompenpaden/Molenkadepad/3872e790-3361-4295-98e6-164419bfbd18,gpx/Molenkadepad.gpx
Nederrijnsepad XL,Heteren,"9, 17, 19, 27",27.0,51.96044201600284,5.763680934906005,https://www.klompenpaden.nl/klompenpaden/Nederrijnsepad-XL/1f2c3fe9-b177-4023-9074-50d60a4c106f,gpx/Nederrijnsepad_XL.gpx
Nederwoudsepad,Renswoude,14,14.0,52.08404216523464,5.548610687255859,https://www.klompenpaden.nl/klompenpaden/Nederwoudsepad/9b328f48-4101-48bc-850f-bb384c2dcfda,gpx/Nederwoudsepad.gpx
Nesserpad,Eemnes,"6, 11",11.0,52.250945,5.266432,https://www.klompenpaden.nl/klompenpaden/Nesserpad/90d5c741-7708-4e8a-8768-4e36780820d6,gpx/Nesserpad.gpx
Netelenburchpad,Baarn,5,5.0,52.20316198462715,5.316674709320068,https://www.klompenpaden.nl/klompenpaden/Netelenburchpad/bef84415-322a-43b1-b302-5f52d7bc2be9,
Niebroekerpad,Nijbroek,"5, 9, 14",14.0,52.291803963328114,6.062173247337341,https://www.klompenpaden.nl/klompenpaden/Niebroekerpad/c3d95e57-3e2f-4cd8-8ec7-e940ea7ed0ab,gpx/Niebroekerpad.gpx
Niebroekerpad KIDS,Nijbroek,3,3.0,52.2919450501371,6.062291264533997,https://www.klompenpaden.nl/klompenpaden/Niebroekerpad-KIDS/5c54de0f-9f50-4e4d-b8f9-8826ff6f16b0,
Nijmolensebeekpad,Vaassen,"7, 12, 14",14.0,52.29042847900626,5.96519095562243,https://www.klompenpaden.nl/klompenpaden/Nijmolensebeekpad/0d232f42-b4cb-4032-8a1e-f0db1206fef1,gpx/Nijmolensebeekpad.gpx
Norderpad,Putten,"4, 10, 12",12.0,52.26095750999268,5.606884360313415,https://www.klompenpaden.nl/klompenpaden/Norderpad/4b0a9478-98ad-425e-93f7-045c19709a74,gpx/Norderpad.gpx
Nudepad,Wageningen,12,12.0,51.95501722564719,5.6076058745384225,https://www.klompenpaden.nl/klompenpaden/Nudepad/a9aebbe7-55f0-43f1-a56f-9035dc1ebdac,gpx/Nudepad.gpx
Nywelepad,Nieuwaal,"10, 14",14.0,51.81289981157946,5.1805901527404785,https://www.klompenpaden.nl/klompenpaden/Nywelepad/9da44949-3b69-4481-bbca-510b1790caf0,gpx/Nywelepad.gpx
Ocannipad,Oeken,"8, 11, 15",15.0,52.127382041673556,6.1555193355856925,https://www.klompenpaden.nl/klompenpaden/Ocannipad/b88d2e7e-bfbd-4b4c-802f-d8374f2addaa,gpx/Ocannipad.gpx
Oldenallerpad,Putten,"4, 6, 8, 11, 12",12.0,52.247868854364135,5.534251481294633,https://www.klompenpaden.nl/klompenpaden/Oldenallerpad/16b978ef-429f-4d38-8e0c-11e8d920d657,gpx/Oldenallerpad.gpx
Onderwaterpad KIDS,Schalkwijk,"2, 7",7.0,51.974590984491215,5.159631371498108,https://www.klompenpaden.nl/klompenpaden/Onderwaterpad-KIDS/cadfb162-8bf7-43eb-9f32-b6c5bbc2c27b,gpx/Onderwaterpad_KIDS.gpx
Oranjeveldpad,Wenum,"11, 12, 14",14.0,52.257736410508144,5.965243577957153,https://www.klompenpaden.nl/klompenpaden/Oranjeveldpad/7ed3c94b-5e1e-407f-8e1c-2827d80d15e7,gpx/Oranjeveldpad.gpx
Oudenhorsterpad,Woudenberg,7.5,7.5,52.080237886614334,5.450093150138855,https://www.klompenpaden.nl/klompenpaden/Oudenhorsterpad/7bde254a-ea93-46b0-b211-4c11a51e7c7b,gpx/Oudenhorsterpad.gpx
Overlangbroeksepad,Wijk bij Duurstede,"11, 12",12.0,51.970661668436534,5.348614454269409,https://www.klompenpaden.nl/klompenpaden/Overlangbroeksepad/72db538c-40f8-4496-aa69-fe7471768811,gpx/Overlangbroeksepad.gpx
Paddenpad,Wapenveld,13,13.0,52.444435904454586,6.070600748062134,https://www.klompenpaden.nl/klompenpaden/Paddenpad/80911615-44ca-4f70-99e5-0fa6f3f1a237,gpx/Paddenpad.gpx
Pannerdensche Waardpad,Pannerden,12,12.0,51.8927700072439,6.026525078447052,https://www.klompenpaden.nl/klompenpaden/Pannerdensche-Waardpad/b0211d6c-3840-4931-9b9b-2b8db5a7606f,gpx/Pannerdensche_Waardpad.gpx
Paradijspad,Barneveld,10,10.0,52.13413671921777,5.5420982837677,https://www.klompenpaden.nl/klompenpaden/Paradijspad/c1ec979b-433f-4d7d-8a2d-d5e489420037,gpx/Paradijspad.gpx
Pelserpad,Ermelo,"13, 16, 20",20.0,52.30080308935829,5.6136488914489755,https://www.klompenpaden.nl/klompenpaden/Pelserpad/08a70009-8849-418b-b967-bf2a78164479,gpx/Pelserpad.gpx
Percksepad,Park Lingezegen,"6, 7, 12",12.0,51.93692323549364,5.839777886867524,https://www.klompenpaden.nl/klompenpaden/Percksepad/2e677b97-36c6-4bfb-93a1-13eb2aa11925,gpx/Percksepad.gpx
Plaggenstekerspad,Hoenderloo,"3, 9, 12",12.0,52.120552013428664,5.891042947769165,https://www.klompenpaden.nl/klompenpaden/Plaggenstekerspad/92f626a0-9b9b-434f-b704-576f54ba9ba2,gpx/Plaggenstekerspad.gpx
Pleijenpad,Westervoort,12,12.0,51.96287571334423,5.969090437443158,https://www.klompenpaden.nl/klompenpaden/Pleijenpad/6ae379ca-5732-4213-8119-98dffef2c040,gpx/Pleijenpad.gpx
Posterpad,Posterenk,"8, 12",12.0,52.213239150424755,6.117804944515229,https://www.klompenpaden.nl/klompenpaden/Posterpad/50c0f766-4165-46fd-80e2-77d26a71339f,gpx/Posterpad.gpx
Reckense Markepad,Rekken,"11, 16",16.0,52.09811583588895,6.756312847137451,https://www.klompenpaden.nl/klompenpaden/Reckense-Markepad/647648ed-4b55-4839-b3fe-2b5d177e6852,gpx/Reckense_Markepad.gpx
Rhenoijschepad,Rhenoy,"9, 12",12.0,51.880973705576274,5.151114380497656,https://www.klompenpaden.nl/klompenpaden/Rhenoijschepad/b7b6bf9e-f569-47e8-ab2f-597c5a1f1427,gpx/Rhenoijschepad.gpx
Rijnstrangenpad,Oud-Zevenaar,14,14.0,51.91344175571768,6.082574129104613,https://www.klompenpaden.nl/klompenpaden/Rijnstrangenpad/521a59a0-ee84-441c-a6aa-7a25546510c4,gpx/Rijnstrangenpad.gpx
Rijnweidepad,Spijk,11,11.0,51.85044960777227,6.151453256607056,https://www.klompenpaden.nl/klompenpaden/Rijnweidepad/d7815a3f-a0bb-40cc-874c-8f17037d03dd,gpx/Rijnweidepad.gpx
Rosandepad,Oosterbeek,13,13.0,51.98801862183192,5.83348274230957,https://www.klompenpaden.nl/klompenpaden/Rosandepad/75aedc8c-4369-42f8-ba93-f8d67fc0590c,gpx/Rosandepad.gpx
Rumptsche Veerpad,Rumpt,10,10.0,51.882743158011394,5.180053710937501,https://www.klompenpaden.nl/klompenpaden/Rumptsche-Veerpad/fda01cc0-4a43-417c-96e4-87a7688d3fae,gpx/Rumptsche_Veerpad.gpx
Schaarsbergenpad,Schaarsbergen,10,10.0,52.01957951567408,5.867879390716554,https://www.klompenpaden.nl/klompenpaden/Schaarsbergenpad/c5e28381-81d4-460c-8acf-99e838bbf571,gpx/Schaarsbergenpad.gpx
Schaverensepad,Emst,"6, 10",10.0,52.31756463202045,5.974112708222155,https://www.klompenpaden.nl/klompenpaden/Schaverensepad/943bbba5-e090-4a5b-b0f3-798fc77e60a6,gpx/Schaverensepad.gpx
Schutpad,Leusden,"3, 5",5.0,52.105628764816664,5.427165627479553,https://www.klompenpaden.nl/klompenpaden/Schutpad/58bc213f-ffde-49b1-86c6-2016f3b42f1d,
Slagmaatpad,Bunnik,"2, 5, 7",7.0,52.06115226259056,5.171205111253486,https://www.klompenpaden.nl/klompenpaden/Slagmaatpad/b96de814-8276-455e-a4d3-447e32ffeaa4,gpx/Slagmaatpad.gpx
Slagmaatpad KIDS,Bunnik,"2, 5, 7",7.0,52.061119281197534,5.1712024211883545,https://www.klompenpaden.nl/klompenpaden/Slagmaatpad-KIDS/80760d40-1ead-49ed-8cd0-f50ed69e7d59,gpx/Slagmaatpad_KIDS.gpx
Snorrenhoefpad,Achterveld,"7, 10",10.0,52.1342355019088,5.49765944480896,https://www.klompenpaden.nl/klompenpaden/Snorrenhoefpad/fb9bdd2b-3a1b-4c18-b27b-9aa47d5256b2,gpx/Snorrenhoefpad.gpx
Sonnevanckpad,Harderwijk.,"7, 9",9.0,52.32111732830445,5.662011802196503,https://www.klompenpaden.nl/klompenpaden/Sonnevanckpad/20992f9e-b49a-487d-a33f-fa402e7d9d86,gpx/Sonnevanckpad.gpx
Spanjaardspad XL,Opheusden,"18, 19, 28, 30, 31, 33",33.0,51.93974098130352,5.6155264377594,https://www.klompenpaden.nl/klompenpaden/Spanjaardspad-XL/4ca4f453-ecff-403e-974a-89de74f8a9d3,gpx/Spanjaardspad_XL.gpx
Speuldepad,Ermelo,"9, 13, 16",16.0,52.283925356556495,5.743044018745422,https://www.klompenpaden.nl/klompenpaden/Speuldepad/fca189a5-6289-49c4-8bc0-ac63420728a1,gpx/Speuldepad.gpx
Sprabanenpad,De Hoven,15,15.0,52.13854221427048,6.178935170173646,https://www.klompenpaden.nl/klompenpaden/Sprabanenpad/8d3bad15-ff82-46c9-9dc1-a45808854ca5,gpx/Sprabanenpad.gpx
Staickheimerpad,Stokkum,"9, 11, 16",16.0,51.87546762197858,6.224071383476257,https://www.klompenpaden.nl/klompenpaden/Staickheimerpad/64f48158-e18e-495d-a93a-96cf9385db88,gpx/Staickheimerpad.gpx
Stoetwegenpad,Driebergen,11,11.0,52.06655430868503,5.259854793548583,https://www.klompenpaden.nl/klompenpaden/Stoetwegenpad/9de6fb16-0eb7-4c2e-98d6-ba6db364145f,gpx/Stoetwegenpad.gpx
Stoutenburgerpad,Stoutenburg,"4, 8, 10",10.0,52.15255590234335,5.450162887573242,https://www.klompenpaden.nl/klompenpaden/Stoutenburgerpad/ce174c0e-961d-42d3-8983-604bd95e1731,gpx/Stoutenburgerpad.gpx
Teisterbantpad,Kerk-Avezaath,"10, 13",13.0,51.89495824383078,5.379316252037825,https://www.klompenpaden.nl/klompenpaden/Teisterbantpad/aa6027f9-6a3a-4d70-9ab0-ffa4a2b3be1f,gpx/Teisterbantpad.gpx
Terbroeksepad,Zwartebroek,"4, 8, 11, 12",12.0,52.17730033847491,5.508077144622803,https://www.klompenpaden.nl/klompenpaden/Terbroeksepad/890339eb-55ad-4341-901c-b58459ba6564,gpx/Terbroeksepad.gpx
Termatenpad,Leusden,13.5,13.5,52.10576714900491,5.4272836446762085,https://www.klompenpaden.nl/klompenpaden/Termatenpad/624db612-68e4-42c8-812d-6c508339f273,gpx/Termatenpad.gpx
Teylingenpad,Kamerik,"5, 15",15.0,52.128874851130035,4.903530916988805,https://www.klompenpaden.nl/klompenpaden/Teylingenpad/cf153584-7d0c-47be-b4b8-d5df64f49e06,gpx/Teylingenpad.gpx
Thornspiccerpad,Elburg,"9, 21",21.0,52.449681618977344,5.828460243537573,https://www.klompenpaden.nl/klompenpaden/Thornspiccerpad/650f9960-bdd4-4523-a3c2-9ed48fe27f59,gpx/Thornspiccerpad.gpx
Tremelepad,Dreumel,"8, 11, 14",14.0,51.84142553102311,5.432353019714355,https://www.klompenpaden.nl/klompenpaden/Tremelepad/00025ac6-c86f-44c6-80c4-03f4f9816eb3,gpx/Tremelepad.gpx
Turfvelderpad,Ederveen,"5, 8, 13",13.0,52.0613567475398,5.576055049896239,https://www.klompenpaden.nl/klompenpaden/Turfvelderpad/c2e095e6-641d-4085-92db-066d5cc9db50,gpx/Turfvelderpad.gpx
Tuylermarkerpad,Terwolde,11,11.0,52.283400285068495,6.09866201877594,https://www.klompenpaden.nl/klompenpaden/Tuylermarkerpad/93cba80c-d1f2-4c7d-b3bc-1d27410ef8d7,gpx/Tuylermarkerpad.gpx
Uchtapad,Ochten,"7, 12",12.0,51.90771673790411,5.565927028656007,https://www.klompenpaden.nl/klompenpaden/Uchtapad/95780fa7-4c1b-4bd9-8ee2-1e04123771c0,gpx/Uchtapad.gpx
Uddelermeerpad,Uddel,"8, 15, 16",16.0,52.24841651587633,5.760966539382934,https://www.klompenpaden.nl/klompenpaden/Uddelermeerpad/e3838f7d-3eac-47f4-91aa-77a2594a43e0,gpx/Uddelermeerpad.gpx
Ugcheler Markepad,Ugchelen,"9, 12",12.0,52.17865562155439,5.912125110455478,https://www.klompenpaden.nl/klompenpaden/Ugcheler-Markepad/665848fb-64a1-4dd6-9f0c-d539ba2332e6,gpx/Ugcheler_Markepad.gpx
Valkschepad,Lunteren,"4, 11",11.0,52.11931354095067,5.685081481933594,https://www.klompenpaden.nl/klompenpaden/Valkschepad/a7df34f5-b94e-40f7-9d35-b2f9b21d3164,gpx/Valkschepad.gpx
Veendijkpad,Bunschoten-Spakenburg,8,8.0,52.22989244494575,5.391583442687988,https://www.klompenpaden.nl/klompenpaden/Veendijkpad/deaff1dd-eaf4-450e-bc7c-f6eb690b7704,gpx/Veendijkpad.gpx
Vosbergenpad,Wapenveld,14,14.0,52.418335359894165,6.054840087890625,https://www.klompenpaden.nl/klompenpaden/Vosbergenpad/f6a1a98f-ae4e-43e2-aecc-0e5cd8de88eb,gpx/Vosbergenpad.gpx
Vredelantsepad,Vreeland,11,11.0,52.23024733326429,5.031341247808917,https://www.klompenpaden.nl/klompenpaden/Vredelantsepad/97447254-17cb-4eb8-960c-c8de9406a2dd,gpx/Vredelantsepad.gpx
Vreepad,Oldebroek,"10, 17",17.0,52.44280098586732,5.913015604019164,https://www.klompenpaden.nl/klompenpaden/Vreepad/4fed22a5-82de-447e-9ced-6103ebebc745,gpx/Vreepad.gpx
Vrijheijtpad,Elburg,"12, 16",16.0,52.449654247359675,5.82868670731978,https://www.klompenpaden.nl/klompenpaden/Vrijheijtpad/321b7142-c4d9-4253-9ac1-97b099322c99,gpx/Vrijheijtpad.gpx
Vurensche Polderpad,Vuren,"7, 8, 15, 18",18.0,51.821442182009875,5.028841495513917,https://www.klompenpaden.nl/klompenpaden/Vurensche-Polderpad/41eaa45d-6366-432b-9f87-5912267b412d,gpx/Vurensche_Polderpad.gpx
Vuylcoppad,Schalkwijk,"8, 11",11.0,51.99213465524216,5.19254207611084,https://www.klompenpaden.nl/klompenpaden/Vuylcoppad/76a32ead-ce84-4779-9ed0-ef59d6537069,gpx/Vuylcoppad.gpx
Wageningse Engpad,Wageningen,13,13.0,51.96563300394788,5.6937409987497665,https://www.klompenpaden.nl/klompenpaden/Wageningse-Engpad/9f15b322-5d00-4f24-8a0a-0d9784c69255,gpx/Wageningse_Engpad.gpx
Wageningse Engpad KIDS,Wageningen,4,4.0,51.98248813865227,5.69217324256897,https://www.klompenpaden.nl/klompenpaden/Wageningse-Engpad-KIDS/98b5f261-85bc-453d-a695-cc7231b4bfbc,
Wiseperpad,Wezep,17,17.0,52.45372109100254,6.002735495567322,https://www.klompenpaden.nl/klompenpaden/Wiseperpad/a0eee43c-e5b0-447c-b068-2b9f7dc85229,gpx/Wiseperpad.gpx
Woldermarkerpad,Terwolde,7,7.0,52.28380721601418,6.098758578300476,https://www.klompenpaden.nl/klompenpaden/Woldermarkerpad/df967ad3-4c71-411a-bdba-8f58c0cdb42d,gpx/Woldermarkerpad.gpx
Wolferensepad,Herveld,"9, 15",15.0,51.9096494266756,5.738065838813782,https://www.klompenpaden.nl/klompenpaden/Wolferensepad/5d029c6d-671f-4caf-af6a-6888c1eb5737,gpx/Wolferensepad.gpx
Woudhuizerpad KIDS,Apeldoorn,3,3.0,52.20417992717939,6.032075033943284,https://www.klompenpaden.nl/klompenpaden/Woudhuizerpad-KIDS/214628f3-222c-4ac6-bac9-07af9782e14a,
Zandslagenpad,Rossum,"9, 13, 15",15.0,51.80108174414561,5.346227288246155,https://www.klompenpaden.nl/klompenpaden/Zandslagenpad/044e49e7-09fd-4321-81fb-57c95ed4a3f4,gpx/Zandslagenpad.gpx
Zeegsepad,Ressen,11,11.0,51.888943148379134,5.872149378432284,https://www.klompenpaden.nl/klompenpaden/Zeegsepad/dd77fc78-e6c1-499d-97df-54a4ce96e1e6,gpx/Zeegsepad.gpx
Zeldertsepad,Hoogland,9,9.0,52.19798033714064,5.345213413238525,https://www.klompenpaden.nl/klompenpaden/Zeldertsepad/2cdeb58c-be7d-4e15-bde2-b9f5b4f002c2,gpx/Zeldertsepad.gpx
Zoddenpad,Tienhoven,"13, 18",18.0,52.15813776409488,5.092463493347168,https://www.klompenpaden.nl/klompenpaden/Zoddenpad/39e41109-fee2-40df-91e7-82478719d8ab,gpx/Zoddenpad.gpx
